collected_name	source_path
US_20260328.html	/root/.openclaw/media/inbound/US_2026-03-28_分析报告---f8d3c146-71d4-4cb7-ac19-ba36b6c448fc
US_20260401.html	/root/.openclaw/media/inbound/US_2026-04-01_分析报告---91a0447e-dfee-432b-b3fc-9f68d9172a1c
US_20260404.html	/root/.openclaw/media/inbound/US_2026-04-04_分析报告---62378a2d-acae-4ad6-b0de-c3551950fb61
US_20260208.html	/root/.openclaw/workspace/us_analysis/US_analysis_results_20260208_103709.html
US_20260211.html	/root/.openclaw/workspace/us_analysis/US_analysis_results_20260211_181227.html
US_20260220.html	/root/.openclaw/workspace/us_analysis/US_analysis_results_20260220_211128.html
US_20260221.html	/root/.openclaw/workspace/us_analysis/US_analysis_results_20260221_184606.html
US_20260225.html	/root/.openclaw/workspace/us_analysis/US_analysis_results_20260225_204140.html
US_20260226.html	/root/.openclaw/workspace/us_analysis/US_analysis_results_20260226_215008.html
US_20260228.html	/root/.openclaw/workspace/us_analysis/US_analysis_results_20260228_080701.html
US_20260322.html	/root/.openclaw/media/inbound/US_analysis_results_20260322_114932---94056dd4-62e4-474b-b1b8-ae3569619cb4
US_20260314.html	/root/.openclaw/media/inbound/US_analysis_results_20260314_233224---f3e79943-a6f9-4d19-a379-5bf6b62a306f
US_20260308.html	/root/.openclaw/media/inbound/US_analysis_results_20260308_003553---17719d91-fd70-412c-ac05-dad524a5a5b2
US_20260327.html	/root/.openclaw/media/inbound/US_2026-03-27_E5_88_86_E6_9E_90_E6_8A_A5_E5_91_8A---1531af1b-c9bc-4106-a763-e716cd2d9dd3
US_20260326.html	/root/.openclaw/media/inbound/US_2026-03-26_E5_88_86_E6_9E_90_E6_8A_A5_E5_91_8A---7f16378f-9285-4118-89d8-12612c215c93
US_20260330.html	/root/.openclaw/media/inbound/US_2026-03-30_E5_88_86_E6_9E_90_E6_8A_A5_E5_91_8A---b8ce5774-6742-486d-bc5b-1c44953aeaac
US_20260315.html	/root/.openclaw/media/inbound/US_2026-03-15_分析报告---c2bb0a8d-c395-4a40-8bc3-5720fd448a8d
US_20260331.html	/root/.openclaw/media/inbound/US_2026-03-31_E5_88_86_E6_9E_90_E6_8A_A5_E5_91_8A---1a8a4a2b-cee1-469f-a026-d12da4beb9d0
US_20260407.html	/root/.openclaw/media/inbound/US_2026-04-07_E5_88_86_E6_9E_90_E6_8A_A5_E5_91_8A_1---274e4f20-9ab8-4f7e-bee9-48168681db6d
US_20260409.html	/root/.openclaw/media/inbound/US_2026-04-09_E5_88_86_E6_9E_90_E6_8A_A5_E5_91_8A---2198c02c-e81e-4c29-a22c-660279f024ea
US_20260410.html	/root/.openclaw/media/inbound/US_2026-04-10_E5_88_86_E6_9E_90_E6_8A_A5_E5_91_8A---ee2833e6-c4ca-4ee6-a493-6960b1336c9e
US_20260411.html	/root/.openclaw/media/inbound/US_2026-04-11_分析报告---22a85021-db20-4ab6-bd28-8f91df52a6ab
US_20260415.html	/root/.openclaw/media/inbound/US_2026-04-15_E5_88_86_E6_9E_90_E6_8A_A5_E5_91_8A---9f1608fd-8a3a-43e1-9e65-298d9a7186e6
